temp,humi,feat,color
19.809653306644773,63.19713503225468,x,black
18.503557579820985,8.899437164439995,x,black
32.432298101129575,78.71001635666107,h,blue
19.04660968653131,95.06989164309967,x,black
16.33958504444803,72.37478504092417,x,black
10.494852294922707,40.551543313779014,x,black
23.957829062114886,95.1957827696296,x,black
32.80341366824083,64.88022973001219,h,blue
20.408483021133236,15.040018397992139,x,black
15.227316687749134,58.46982651433178,x,black
43.86797733916091,57.319560394534655,c,red
7.746811060781472,22.682431164463512,x,black
44.08655235503109,43.00888622441769,c,red
19.402181467569424,59.40913243226317,x,black
30.266627501801835,7.913875875537468,c,red
29.158002947696854,16.14790223729152,f,orange
44.094424347047294,50.72208262448521,c,red
2.578752476983501,63.810360737976254,x,black
4.715382512756553,92.77135134552378,x,black
38.354614015305884,49.70051471525362,c,red
26.058807482516674,5.58899666363285,f,orange
26.91136473102188,88.47114567210116,f,orange
2.2409034634043055,42.235025141383645,x,black
3.213471863972691,98.15309942604424,x,black
19.22229582221191,15.136024594873309,x,black
32.284469415811095,14.555389547899756,c,red
40.58985837363152,91.41323628722033,c,red
9.526767200620595,12.45639220468686,x,black
26.14406796761222,78.12201021026497,f,orange
41.00115378815176,90.34485414560775,c,red
1.9292712636813198,84.19717971379066,x,black
7.748516858968978,85.16413249915608,x,black
9.319250272894553,45.67278754756777,x,black
38.51160816159776,92.78109000131471,c,red
11.582466358712194,4.850687451266056,x,black
9.41874302567028,75.40079909245446,x,black
26.486604465677786,43.329603777016345,f,orange
31.273638638935925,79.71548065728993,h,blue
7.038578411600945,18.31932505995535,x,black
3.3374965777923298,30.160853045353086,x,black
12.78513878641967,49.032087118263725,x,black
32.71556240398793,98.84647765621403,h,blue
33.05807986203471,9.403998286187676,c,red
28.483068125617955,91.60793468799369,f,orange
20.102996303049878,0.3482912368154123,x,black
10.421688814430604,16.119654039925102,x,black
8.670459490516985,13.756339711547373,x,black
24.67762748422294,25.19031933279513,x,black
43.22997582108012,22.227407564569535,c,red
1.6704401859447886,4.811368109991054,x,black
15.442399901260451,84.09872170795254,x,black
15.216023677738983,68.2422271473928,x,black
41.20177287919394,14.680394981490108,c,red
6.415474401473979,65.48736816430275,x,black
11.217927614428808,59.84840985939248,x,black
37.51036539076982,97.30567269739875,c,red
19.407429854131042,66.83158713540587,x,black
12.422522128702372,65.61363318614656,x,black
18.333239626048908,57.54706072798569,x,black
30.004299374223844,29.626546087053786,c,red
11.625353084465818,13.514494758818717,x,black
11.637796561104803,97.46603078896277,x,black
13.985036870199375,95.96873966435533,x,black
42.45305886600122,33.71913083558472,c,red
41.428902190695936,62.83601944222773,c,red
32.59588562758775,71.40629446310004,h,blue
34.33532292803393,71.26554578204069,h,blue
22.805468556356715,88.14121746007633,x,black
12.82222340904455,96.5262798514369,x,black
19.066516476786468,58.03839330626499,x,black
18.516907977024957,23.60322638335315,x,black
2.780428960195611,60.491083139931625,x,black
2.4429106306168737,8.675607710938493,x,black
40.77147507904472,46.22165428862812,c,red
27.03024007048661,83.36163722993791,f,orange
5.303958906853515,28.039488515697975,x,black
10.631407878930052,15.459851328643737,x,black
23.54307391568099,8.714327865251203,x,black
26.49456876421704,75.87987736220191,f,orange
32.104013926766086,77.98181617613848,h,blue
8.778372440038368,58.66986829475444,x,black
12.636692912756155,88.23553976231842,x,black
17.29509338121081,15.775102229016857,x,black
42.56352143268908,58.175958638227144,c,red
27.91723420313737,98.54831617373668,f,orange
31.554587729917497,36.266965704860134,c,red
26.45974893388701,60.57398081745916,f,orange
33.94666820743417,10.21126248212736,c,red
34.511592209290285,60.122022650781034,h,blue
18.09820876784591,38.524391801834824,x,black
18.636011947354852,86.07467904091621,x,black
28.03339541557606,29.903746802652485,f,orange
43.12168605587747,2.7504594364987756,c,red
33.98303236444271,40.6388455113474,c,red
1.0953094224136206,24.48997225535091,x,black
12.97840599571077,86.74520449280803,x,black
20.35082488044836,32.27521849215363,x,black
31.302050877442984,34.16337112383662,c,red
26.335912497916148,88.33215067643899,f,orange
30.228913361254346,77.35339790745755,h,blue
15.944733905448345,14.019686214335747,x,black
27.510196392549457,2.0312113649785246,f,orange
37.45862274191555,21.974142096167604,c,red
9.651487740389987,42.78004138718643,x,black
39.718072528140056,59.97840271355085,c,red
18.91367444090573,40.0816060333703,x,black
4.969786005198741,32.20899442489041,x,black
30.759560398015537,52.360304865003485,c,red
30.27527135058556,99.72507585644807,h,blue
40.68454157557267,96.47005055151392,c,red
15.655849063806905,26.703976517574112,x,black
3.157231054553993,37.977077630450395,x,black
24.800298576452303,1.2752657564406467,x,black
10.053852805745969,99.27802930549635,x,black
6.882082381124913,23.89280414578837,x,black
12.362098203194522,69.50373519963593,x,black
44.209588240426285,23.589571597773684,c,red
22.04656733239773,40.05189203519019,x,black
30.915507984099428,37.72095545866059,c,red
19.345438359142264,35.081577664421225,x,black
12.283040551661216,65.06452743981977,x,black
17.465520902041334,1.0742031179628464,x,black
12.33835000620672,81.54454879830503,x,black
16.08216813122917,79.7589435442298,x,black
30.295666148089957,57.091408864946104,c,red
7.673612139453619,53.65362881070573,x,black
29.325674421800652,48.63927879698635,f,orange
15.257322934719866,41.78432013501534,x,black
9.619761965150307,85.23569105446681,x,black
14.191768761031366,99.86436307766334,x,black
9.593787331202575,44.08482542644919,x,black
10.708003334764765,93.93812285122658,x,black
29.418334021895724,46.03076513850163,f,orange
41.841354018807245,0.2543477113539194,c,red
0.20142275074831573,30.10759148601867,x,black
20.745884352522744,33.63041985059239,x,black
21.030304335554533,6.578441780744959,x,black
13.66325726544759,34.33824794312117,x,black
31.620378970366342,24.14548501190974,c,red
14.842835698299757,42.631885538074286,x,black
0.6713889002595902,67.00714258144876,x,black
18.92294423425064,59.97846965981051,x,black
10.751173236593948,42.48857535950168,x,black
1.8675304342747145,70.50224239715106,x,black
14.565610184283605,71.12572491737458,x,black
41.28184610535518,95.1299332153728,c,red
32.33201101474427,53.41274072179467,c,red
16.976227536014136,70.21339001287825,x,black
2.8783515188611037,22.652552078466716,x,black
22.736372738400274,2.177718372553661,x,black
15.739840800721543,13.418026506065871,x,black
27.933238849859876,24.538275178990578,f,orange
34.1164625902902,37.610083855027696,c,red
26.45461115239335,27.135144364692177,f,orange
37.0640629400248,54.00330408493803,c,red
0.467384498978628,51.606961999682014,x,black
28.076473606467182,97.01941679609531,f,orange
29.89023509242583,43.182545646219374,f,orange
4.325046398130235,85.62822810310284,x,black
38.45900814297902,84.9534241284566,c,red
29.561685505227228,36.76589205263687,f,orange
44.31147805623907,42.47746000588324,c,red
19.25341813696709,52.975226150689515,x,black
43.58820875736869,72.50918980128212,c,red
22.5448658546088,50.08750094866558,x,black
35.609411968585235,62.82007194275289,c,red
40.40602579039237,58.15855516817625,c,red
27.953279358276774,11.039642525760584,f,orange
41.062996075349155,69.86089156588207,c,red
30.999687560586413,27.586571846484432,c,red
22.651806252248335,53.31296012435484,x,black
12.47653068830149,82.50560830892898,x,black
8.918023015272173,43.764460356508536,x,black
9.357380120642826,42.213204766327316,x,black
29.123355070342125,62.636015679552536,f,orange
10.853528709635574,31.776329075921527,x,black
39.77546826712611,19.88518972067834,c,red
33.75316820472219,16.208069361635136,c,red
19.431935237408304,41.018834021077545,x,black
3.4935562433896505,69.81688344044036,x,black
26.765743675837534,59.65490331531779,f,orange
16.78666734848586,57.538294870539154,x,black
11.52048234050187,66.46912013282812,x,black
37.32336981575817,53.183413760256634,c,red
15.943566536425053,93.79557004507122,x,black
9.109963303698256,85.59060487242598,x,black
15.533374474331316,46.62131530456306,x,black
14.31403462425177,68.47245204620582,x,black
35.414339906826584,85.742639726881,c,red
19.18144439673786,52.045995827334046,x,black
6.1054791968059625,23.244055414817556,x,black
37.64391002331477,57.42438924362391,c,red
6.2240889933895795,26.208553009857027,x,black
40.8499394832021,56.30416996943889,c,red
33.01864413341644,72.81359670629669,h,blue
20.21375147441325,26.46395295415449,x,black
21.112434378117005,20.401577915684864,x,black
8.899451649124057,74.58343370456255,x,black
25.19875503405256,6.6575761183405024,f,orange
42.76796690187021,0.43893104103090996,c,red
37.032511724683104,83.40161204773295,c,red
10.813426633106358,20.772967740457815,x,black
33.62964893794202,77.09315795453632,h,blue
7.693049409393796,11.542319772275334,x,black
28.955807605895007,6.599271647946303,f,orange
44.01972575477004,79.5355676270455,c,red
8.125932924832062,35.935374898326224,x,black
8.022312509073535,4.275956754195864,x,black
40.12876696888808,28.524920554461808,c,red
13.962282533179808,5.046492767365141,x,black
22.839627554012846,20.640215552296958,x,black
44.63644131295299,53.19909609053859,c,red
26.549775886904232,26.42296675811653,f,orange
31.163211001883305,6.781314838311636,c,red
24.58922095626055,41.48719002627923,x,black
28.162532640619233,61.629655939666996,f,orange
16.25744898445838,38.4409650460731,x,black
31.41506652908507,63.31805283382918,h,blue
12.789453894997978,35.19858130895069,x,black
37.17909112957342,92.05232659020575,c,red
35.93736615372573,28.09962881031479,c,red
26.75144896763519,22.07062067712031,f,orange
0.7250913199890741,84.89408135380737,x,black
23.203815923450527,79.20575452746907,x,black
20.227447190102147,87.48231626315653,x,black
44.884240334497065,78.31162434129962,c,red
14.800981248049574,41.94347735271522,x,black
21.863888419505045,24.796591611223583,x,black
2.8733518307050914,58.988204288137844,x,black
8.646040551135046,55.37407454750244,x,black
36.584518667108384,54.243659525842915,c,red
40.928366905243905,46.02931356216503,c,red
7.090063666464605,58.81316842229123,x,black
17.529376497665293,98.74431217724572,x,black
13.666131036375756,10.131837122348452,x,black
26.88207370973318,78.87698794129054,f,orange
20.037718339177143,16.42747948321912,x,black
19.038701432324082,67.9097005974552,x,black
35.446852061606016,30.283166850180944,c,red
9.176148500164228,51.5376756163599,x,black
7.84263124189552,88.46825956934875,x,black
27.268434906697102,68.78045386200792,f,orange
4.597785160210403,85.45387593796721,x,black
7.937260130752522,94.77545376459493,x,black
42.05752623613579,57.51839576649241,c,red
40.644832400114716,23.561838707788997,c,red
40.14480548289982,80.90008042053802,c,red
17.674815275956263,96.74963792223313,x,black
6.543302848242883,90.45409179104492,x,black
42.881437925774684,26.276530931884068,c,red
21.796221898624854,13.940250097733598,x,black
22.495903760825723,41.3749337355321,x,black
33.947971182335806,62.88263785299771,h,blue
37.08687143240414,79.68928205169246,c,red
39.59404907236148,3.613652344747975,c,red
14.95078127733618,52.729124107882974,x,black
32.33787198298556,36.34698748316445,c,red
37.63045511879239,63.849636474795126,c,red
10.401730287715194,50.37935103372381,x,black
20.207304883399242,42.81106569377998,x,black
0.7220894812875683,50.070832165477995,x,black
19.43841236009776,16.15342994262542,x,black
16.234311077023982,30.845877154945878,x,black
10.00230071281624,76.22776939257955,x,black
34.036648840450354,19.011437872809754,c,red
5.946996233504725,59.294515258228174,x,black
9.642440927049524,60.25775913596249,x,black
38.31043461842933,73.87879190381305,c,red
13.68251698865727,69.08137590433563,x,black
39.10430029576047,68.18436691868169,c,red
17.19182504814006,92.95368453193143,x,black
25.607258952515725,40.80076274986067,f,orange
6.315532518951769,63.752285802118934,x,black
42.03753894718809,27.164688833463014,c,red
30.793139633390343,2.7775363864273483,c,red
3.086163273450478,50.15408479531948,x,black
11.661741750245245,70.00574470407683,x,black
0.16519342391018044,37.52217643119159,x,black
13.620568187368544,67.06051173919843,x,black
5.639979334978254,64.19651757225606,x,black
34.007546143274794,44.36492689228496,c,red
0.5609239255477555,11.073633299291718,x,black
9.766328037329151,75.88393819327106,x,black
32.259790419444045,20.165780305011726,c,red
40.29490302027228,44.01446960891428,c,red
34.875569831185956,95.92090736760456,h,blue
21.635898038993894,55.49935448476957,x,black
37.37764097355797,2.085498412678144,c,red
43.90250681491903,63.605593591004975,c,red
44.25537178627052,28.872881133616744,c,red
18.127240999541588,28.699050108468384,x,black
31.53407230761225,10.396175508131822,c,red
10.130233404764478,14.595240978450407,x,black
36.406692853553515,78.55963226088849,c,red
21.783392729954716,99.2424071011672,x,black
17.437479077782516,1.9035326575165379,x,black
40.25148055923481,62.00678435045326,c,red
15.146625867191357,94.49754273556611,x,black
1.0109413519415837,24.653254400988644,x,black
37.781872163253084,59.56853896584909,c,red
39.5417443352121,77.65413566912237,c,red
14.788087516351592,54.22278860413986,x,black
19.30285807605195,36.97582662954419,x,black
22.187406383372714,12.216231955225155,x,black
30.66271860767549,16.800324800859322,c,red
5.823926353002769,54.557801801508454,x,black
19.206753232520665,89.88924453070146,x,black
23.327956231815776,69.16262311498346,x,black
43.163736798615766,53.04731509958663,c,red
32.47306819407625,96.62970942320922,h,blue
20.565066478459855,39.82731390261015,x,black
15.415350253339733,86.72979657088618,x,black
4.550722730464342,18.326953630907905,x,black
4.474296430829352,43.52470004636613,x,black
6.916587973237522,58.922835766757196,x,black
43.33950532062354,10.590892167475552,c,red
24.363576764604804,67.02493272362656,x,black
21.826590758005796,82.19661914504867,x,black
13.491718960546486,95.94153497198081,x,black
26.293577086383483,35.38498405508448,f,orange
14.220709278483389,65.22873180149466,x,black
27.755078943967124,23.164514086167888,f,orange
42.61321834323329,24.383821963573794,c,red
24.953831078374392,55.105872386675216,x,black
24.008929162007778,74.5757198574823,x,black
12.088240760780867,80.76030029726064,x,black
10.54643375860226,16.760105590243956,x,black
28.129633916671185,98.01616814506447,f,orange
44.400842464532204,31.54771294364328,c,red
26.673196296295327,82.75156084437324,f,orange
23.38108328272564,15.721776478965833,x,black
34.37031644344233,16.380079854433404,c,red
33.50484999917896,42.72657908898807,c,red
38.66049176754102,26.618779785080605,c,red
20.72332245007795,71.09627482133203,x,black
7.788383870857578,9.635182393074826,x,black
14.091839290329101,81.24710900184583,x,black
11.66519100080079,61.38443373993678,x,black
26.637112895035685,91.9292062029584,f,orange
26.89692193630691,42.82509851271333,f,orange
27.05922363578224,59.83400607457748,f,orange
27.721784341399264,81.26240360067843,f,orange
13.603368223249733,91.95100553819766,x,black
22.6903958277863,72.14305327878061,x,black
40.9083698392874,53.565340249847104,c,red
38.868926224187106,99.35071116622798,c,red
30.08652967177518,39.42488004529686,c,red
26.454487147182643,95.47331782565928,f,orange
15.350290284557527,21.142622743636796,x,black
34.32862127515973,12.55000212921068,c,red
34.17388384376319,18.595391632774117,c,red
18.315777081168807,97.6238805949308,x,black
29.353859688364818,82.55960021968309,f,orange
3.508716368323896,9.327258915083847,x,black
12.40256987734649,60.462645616891244,x,black
0.9651774927792112,55.653544958279845,x,black
38.58630015351685,61.99330146540867,c,red
34.937099696496084,72.29075996380135,h,blue
43.54991191470161,93.10256288647373,c,red
43.2614629778042,51.44737248724773,c,red
36.09679843644755,64.73134992750242,c,red
14.640639004052183,17.848191882382924,x,black
0.03814800647664374,25.275133107352723,x,black
29.089491799096827,28.82441460882178,f,orange
3.9168444827755833,10.568690460202435,x,black
19.012464012087882,96.36603015706959,x,black
34.1563150928483,47.707189318043596,c,red
34.57357333201481,76.30635177890295,h,blue
36.63146988351267,4.0781027058735875,c,red
26.00961010970884,12.443167338340743,f,orange
28.974699302939673,1.5837545757076965,f,orange
0.3331071952398529,58.307104491277485,x,black
2.0015386082504443,70.60298336381987,x,black
31.104653881757546,21.623177279087148,c,red
29.121443160753344,84.77279716531383,f,orange
8.091724676159918,31.4340507106178,x,black
10.35350297858739,14.396503821932926,x,black
13.558957543375982,30.445397871518853,x,black
5.946608657922847,78.31222067226975,x,black
21.37659531623733,41.85426806001799,x,black
41.0469072457098,63.27557853839575,c,red
4.090514915735616,99.75918214758039,x,black
21.80298486879758,37.061864813533994,x,black
24.0590405096199,79.62959668569688,x,black
23.50828770963021,80.49953588935729,x,black
6.100328124370813,23.793831909641227,x,black
18.224155766365765,54.28570242483188,x,black
33.19865869183059,50.07875960930481,c,red
26.61468640034778,89.45786646671547,f,orange
32.96364167248302,34.765355149282975,c,red
29.076001340141044,28.435596065271895,f,orange
26.4739311008445,57.33544147045666,f,orange
42.05241804585426,64.84268872082643,c,red
17.739401871050042,17.578782435426888,x,black
2.0178654089176566,19.970807520063317,x,black
26.423254656920722,18.541126251429276,f,orange
36.71067327818412,90.48311023369803,c,red
13.904173514335465,50.34044651455449,x,black
16.403007948705415,92.4554177266815,x,black
17.27640318388288,74.41329736945953,x,black
34.155727838784145,58.07787000148087,c,red
20.213868514930596,74.61278792596599,x,black
43.23166216590531,92.76779189893922,c,red
31.335917463127743,41.866479247636825,c,red
18.443734170413514,44.55344289066263,x,black
12.741427809691448,48.188592335939454,x,black
33.441777019845375,33.528752517076214,c,red
20.41089877647838,35.084400104277215,x,black
42.44780811595964,15.35581911300482,c,red
41.12171453973871,18.103451696944738,c,red
42.451995336361506,92.34799571121187,c,red
39.741889885331915,44.852494532582284,c,red
1.3410077811399295,8.508872195129902,x,black
0.811439912811151,40.81208410814965,x,black
20.087172815696785,80.78355378780024,x,black
37.638478743549456,76.1657354526722,c,red
22.3157543753996,83.79302816151433,x,black
19.343916636667966,94.55795227025301,x,black
9.622178678870421,4.884434353110301,x,black
20.15500055801087,3.2337332765258187,x,black
24.679587510711766,43.911664677579665,x,black
23.20844372883556,94.11012112248918,x,black
39.909044752421615,34.459379006147415,c,red
42.9939157802487,28.29894101123267,c,red
6.8338109519448516,58.47205864670981,x,black
21.54762573962158,5.953272049277625,x,black
7.093331466830478,27.801243938276155,x,black
11.982107456162753,54.28035984536849,x,black
7.607376643840166,49.31019429721633,x,black
2.7722578829819184,77.13241783772402,x,black
10.633291670613696,63.21252254496015,x,black
27.56888130656878,19.01846453358702,f,orange
27.83087138474759,26.688000717609516,f,orange
44.10001333916767,6.838600910859682,c,red
43.37352707053566,87.33190523987953,c,red
29.016989414316267,87.17888179981746,f,orange
13.730347480101612,96.07153911124865,x,black
35.23703796721159,57.35779228539436,c,red
25.35095211322954,54.02602136501088,f,orange
36.27928436471375,3.9945245345832214,c,red
8.38327976799194,73.73058777043047,x,black
12.819534357533833,44.15789834110129,x,black
40.697533465672855,49.80653829331077,c,red
28.827542756521822,96.79540506646288,f,orange
15.222751161295012,92.48593728896243,x,black
42.24842390144647,27.332604382166792,c,red
18.733011708290753,99.06908372830692,x,black
44.37874627012368,50.24786264783055,c,red
27.050754094834108,32.255761568147115,f,orange
34.428028256334855,28.956694043147145,c,red
36.849310417298234,14.840023336656905,c,red
43.93313528709606,9.155574828927271,c,red
41.846533132660014,41.33957546828939,c,red
36.717414594362445,13.402055619490561,c,red
9.68926552849042,58.275164796658615,x,black
44.911249003306445,28.602363599227022,c,red
6.884034597720323,4.024053943963246,x,black
44.237933187685,46.05098937336248,c,red
40.82980845045125,10.259972673299522,c,red
29.21309225744375,33.96815769679342,f,orange
44.05408205155206,99.4267242922063,c,red
17.963281897062263,86.25172570543995,x,black
6.192371531068748,2.3720737483404086,x,black
13.821981095162757,93.30953243999572,x,black
42.40539170410219,77.95141566597692,c,red
39.85471371979404,65.0503410824892,c,red
8.730796085282169,12.182008352184859,x,black
15.054573845223635,13.696758483663041,x,black
14.38261778236308,6.347726374794494,x,black
25.133744987729518,86.65961888392387,f,orange
25.38811706169338,35.85293601861955,f,orange
21.881430404096445,75.69083614697972,x,black
30.164862828434025,46.5291333985003,c,red
10.438611499910198,74.41180522877812,x,black
9.200246500925056,43.03569486595552,x,black
5.1678883022187545,71.89015861750323,x,black
29.026079802887516,15.330963582914336,f,orange
38.67295401795923,41.318743836359914,c,red
41.846659689383394,44.081109398327726,c,red
15.36038571208274,12.536428470430971,x,black
31.746308289990523,9.590704039236853,c,red
22.036794859001628,34.68355221926532,x,black
36.50897528807616,75.19863745333213,c,red
0.6775340601386814,90.03864056752197,x,black
0.1942638273742442,62.3299718290971,x,black
41.986877635541525,31.42427322675916,c,red
37.04205686955474,93.24911168878165,c,red
40.21002996911307,14.710139688207768,c,red
6.312203692126875,21.321909342252244,x,black
0.7272438261484881,14.596627027995513,x,black
31.88051951628946,58.02572046920077,c,red
5.872711717460831,31.782652536994892,x,black
36.80155183666046,15.212152935297219,c,red
21.742612742956712,82.23357931986854,x,black
21.429582376688018,44.94734376729676,x,black
39.19600298911506,69.0137730363984,c,red
8.55687600619945,88.11133524147782,x,black
12.542231843399096,71.77698826659442,x,black
41.767580015164164,12.932241021402158,c,red
34.14820441001839,46.574359645970546,c,red
8.824285589343628,77.35754132105508,x,black
40.68243513946087,64.0548806833706,c,red
6.746788571594533,41.018492304367896,x,black
24.419503273754632,5.687774113804545,x,black
21.216909008037273,23.112589133605198,x,black
14.304846653226361,41.98770615160255,x,black
42.203338259449076,54.555834707010845,c,red
39.72442892415349,73.64901315014187,c,red
42.8139178575889,28.770332384854637,c,red
6.463379293798804,30.417132563031124,x,black
19.119820832916698,95.29690939959812,x,black
25.251951780538953,96.03086135703798,f,orange
41.3579270650894,54.486136314066805,c,red
24.915359600394936,56.39112600733183,x,black
0.8320568843078591,5.1813210076949945,x,black
28.177971529464237,16.782961510020954,f,orange
4.776368654206675,70.27215313233066,x,black
15.451398074395565,85.02500260075074,x,black
27.002868566715293,7.181022165500828,f,orange
11.30865876548236,31.029533681559574,x,black
0.29025844410022206,2.673081041966674,x,black
3.5075530880623127,78.76850593782692,x,black
2.8646374942196156,34.73285913677334,x,black
14.12474616243708,87.48959445946197,x,black
34.02585196313403,24.313971786508105,c,red
14.212215005946213,39.9918896976348,x,black
24.80324597176044,97.84876227250443,x,black
6.3738421611103275,43.28974289328615,x,black
28.070552332950296,58.17043660755217,f,orange
5.509028812242741,32.332266220120864,x,black
4.116968624232114,49.68529019043066,x,black
37.63050033896425,42.97707901137209,c,red
19.686851340871804,26.837030297757124,x,black
9.965110458241464,41.454291434355504,x,black
44.06738143450404,66.32634458362243,c,red
5.136501332752281,92.8633548056675,x,black
41.438795755023584,9.677023793500194,c,red
9.075084093335335,62.28937257727472,x,black
23.463586458749155,77.54097638560353,x,black
8.213290992214228,44.86573066788322,x,black
19.82475496744553,36.215252140029634,x,black
29.700064754206227,73.1978566004076,f,orange
25.907912241340316,80.96524514248202,f,orange
15.561730408242154,35.77832872408799,x,black
18.68323331712284,38.56003163115802,x,black
43.86637920378183,54.01581503383051,c,red
39.77179750181738,59.326679341993774,c,red
30.201348912349125,35.50962433957402,c,red
3.832964596243939,97.19887242154846,x,black
44.62679002792491,63.6437749543579,c,red
40.55567217619566,42.361971253255504,c,red
29.5515770947402,59.81681142327619,f,orange
0.3223487483438747,48.323638819872784,x,black
36.2366908337864,62.581832155072966,c,red
17.532668511465147,94.68255696695878,x,black
34.71428801408617,13.30190867325336,c,red
31.916517333656405,13.454546238510744,c,red
29.083711213061026,1.0788045685543701,f,orange
34.990187921897814,92.90742305916375,h,blue
29.195310099439027,6.268992746841418,f,orange
39.46465310987191,17.157240717497547,c,red
3.1273455755853345,16.658777455261543,x,black
41.635711330256726,27.639352857922404,c,red
10.254302790815956,46.34401312299153,x,black
28.66682333965823,41.49290691990608,f,orange
33.20025918173673,3.273869632885529,c,red
5.921289368136213,50.44498850214815,x,black
22.83023112129111,18.44332040465656,x,black
20.120670595630056,68.43587221838588,x,black
8.888866290649538,52.789209643588144,x,black
42.466235074429065,54.41451978427523,c,red
32.388591617116866,88.20138661091391,h,blue
7.577868673281515,16.99238976190961,x,black
44.81107492279694,74.20004065287851,c,red
1.5270942934264287,60.74041170756674,x,black
27.7725153567557,0.9994691178883741,f,orange
23.628557098279384,15.275205149867787,x,black
13.07124262883173,38.23522346282293,x,black
17.50141316101236,84.76024889884032,x,black
18.975302583636964,57.98660391145825,x,black
26.374543009940073,73.65988424672419,f,orange
22.421560799876865,26.08739302202826,x,black
20.122514875415106,72.11504520417174,x,black
22.545336793840388,97.75342872963513,x,black
18.344061152718876,20.044660045022,x,black
15.6449162623502,79.16013876418306,x,black
14.661649463427093,23.053812357835778,x,black
13.467267285244478,41.62211817376825,x,black
38.97110363499874,65.93830019642117,c,red
31.361064032850674,24.37781307534952,c,red
42.210812033679574,16.5313277849087,c,red
7.953671839618542,33.26578397415519,x,black
15.308771837268814,17.061916035697667,x,black
8.850874250895636,18.25374895149571,x,black
3.9396527472772007,89.71429815783031,x,black
17.775246182736236,91.46063831906795,x,black
35.94356745185017,60.95983860875549,c,red
36.81285894270674,43.84255851743751,c,red
24.87623451139025,95.96430356184186,x,black
26.9618516835083,92.65825103305559,f,orange
13.524639578210596,71.10457320958429,x,black
13.520752515810813,74.95380342102281,x,black
30.80837525838934,77.09350929937943,h,blue
1.7408340163272285,24.13793844610049,x,black
44.17485069338281,84.80166156239443,c,red
29.13857898896811,11.943117735244668,f,orange
33.635868180653716,91.74457152474233,h,blue
7.610857138953383,0.9651034316182971,x,black
25.679117109282025,7.428916318569955,f,orange
22.89695102487405,84.19795745081059,x,black
31.080982684418686,72.06674485590358,h,blue
9.286570640217947,6.822638654916203,x,black
43.99784356392645,4.943322812859274,c,red
1.1921583949839993,35.49037832428904,x,black
18.567881813465252,60.4901952627771,x,black
39.795085247627426,51.92559779260289,c,red
30.045137555906614,7.3995360185022285,c,red
4.744353799644485,88.35000367298971,x,black
31.156463204862064,51.00942675092912,c,red
17.54757680858202,9.95497464629299,x,black
40.01772278300686,7.523899661830436,c,red
44.134857762584566,45.08864654959092,c,red
3.174277777807381,23.133380868112997,x,black
44.11503604899492,33.54945646052826,c,red
30.470410372077193,84.27187993213691,h,blue
32.32500201637267,29.644656180654895,c,red
33.786581196383636,72.38930197634572,h,blue
32.927977003659436,35.6975835894347,c,red
0.8380174111970234,77.22892382849686,x,black
28.930140473247448,52.72121549888804,f,orange
20.537160429485866,64.1556428092737,x,black
18.501066213185304,62.48877392296516,x,black
24.7087364751842,97.6367956946002,x,black
38.314760732373074,62.35558723499103,c,red
3.1815804791259525,22.608994548424832,x,black
28.924772394328325,21.925124745415335,f,orange
35.012557683184724,92.47471414102924,c,red
34.008162067947616,81.63552291457982,h,blue
10.855991644757319,40.65261984508843,x,black
37.490641885808124,91.72601154010965,c,red
41.58817883218488,21.282091774735978,c,red
4.3750921288643365,12.485081368629814,x,black
17.811402468314373,58.892754060832495,x,black
23.767366009482902,75.39623684045024,x,black
22.66558154594161,82.66145922315656,x,black
4.564324838779039,81.58142785590715,x,black
38.79437729238445,35.027618566626785,c,red
36.54653365719808,84.4256998099355,c,red
0.9490753578968247,1.6281595479569533,x,black
16.08040492583273,49.83328346204462,x,black
5.943742856421551,5.268088153761474,x,black
20.619329989439617,75.3565144810663,x,black
3.530895852982396,17.83834973859657,x,black
41.451007737018635,22.70183192947812,c,red
9.80127896572598,30.591392643408145,x,black
7.431651598648229,48.62209105327733,x,black
18.051679164933187,38.52210267811278,x,black
38.22749013972284,20.09709664172744,c,red
4.978459989762339,80.02929122894801,x,black
7.84984966766147,83.66738440205872,x,black
13.744844515649618,19.095313180634342,x,black
38.96121293736007,21.225339909407403,c,red
15.983396641337587,91.8367132929305,x,black
16.537938976836298,91.29128842454782,x,black
37.03620476209885,22.539455155716183,c,red
30.776124070445228,68.01323805949562,h,blue
16.591839780642736,40.02665734316773,x,black
13.77631766622591,27.029479618047823,x,black
22.9505825706022,25.903372621151888,x,black
12.262899859015741,40.746037821011974,x,black
16.03860747346642,6.60344875047969,x,black
10.816862552181124,34.89014428936829,x,black
42.53852214719534,52.696295734704826,c,red
13.127596575990754,37.82862551361619,x,black
10.334691579448169,25.595601734825845,x,black
36.03108213689832,74.96688472790726,c,red
13.206818984307995,92.26212847846537,x,black
33.22996113760545,49.41526838406267,c,red
8.33589616778324,45.241934643855494,x,black
8.506270024237015,34.045556354478194,x,black
35.60929503914291,24.647922412369827,c,red
1.5367028241306997,23.668010656839567,x,black
18.566731522842957,51.436988031947784,x,black
31.248768734871906,23.159831536967356,c,red
16.114121673809343,24.82333687225666,x,black
38.13302586647387,10.770683934042168,c,red
10.522606011135435,4.401020679249179,x,black
39.54164738393798,57.91742405833833,c,red
14.304679427175264,56.27030417032317,x,black
31.104895050020332,78.89636674201577,h,blue
15.005218682604895,43.376747152193104,x,black
31.96707996641863,17.252403327111697,c,red
24.452311448230503,63.93635374619344,x,black
19.63804711052817,49.75029075896044,x,black
43.51307936467209,16.718962956801175,c,red
40.345919683408994,54.75312296484969,c,red
32.785292096892334,2.566585183564274,c,red
31.85930341400511,65.22996080500619,h,blue
22.15182151705797,5.865269597512778,x,black
4.432204580355809,41.10079398873604,x,black
44.67535739554887,23.58365289391029,c,red
5.01548503402436,31.729182928588518,x,black
17.28230434162451,91.66868469002914,x,black
3.621317597116332,68.49228344922714,x,black
37.480820617995505,57.21623233805683,c,red
2.262784958587955,3.7615519311309353,x,black
39.2000091499825,31.11411481612425,c,red
44.395495018752825,62.72064910661997,c,red
44.25479822756614,3.033673195461384,c,red
38.94862880545031,95.5851454117917,c,red
19.531239886799707,40.353020823834626,x,black
32.401994033232434,35.30285126257097,c,red
15.313170162159068,44.999903267884214,x,black
33.7624244033731,25.932341143395654,c,red
22.20399043316393,28.126697764660314,x,black
3.8241236899820286,5.258296397258411,x,black
30.2084684481467,98.81102532415383,h,blue
1.5989482747000254,60.12443601660886,x,black
33.81715807815004,66.43154079814614,h,blue
15.0277447775013,4.698517722933159,x,black
7.6440090542410495,19.08283854915761,x,black
4.992090469729458,11.405100913287736,x,black
36.66952323241616,56.890824723418795,c,red
7.842762540220233,5.978326469375405,x,black
29.79037146209952,93.12063133119135,f,orange
36.626941699422254,31.925479260835388,c,red
13.160429487283846,18.20101281073976,x,black
12.460227762938933,29.682920905376964,x,black
31.94755135353705,25.60743060894145,c,red
42.48548772236685,0.8188063233164344,c,red
32.022760087985915,57.08686099772549,c,red
30.941067669867397,52.66170655040582,c,red
23.1768071110968,75.47484378651798,x,black
38.05556460887335,18.99093201612746,c,red
23.409291900081747,96.94442563925466,x,black
27.2828733137287,27.967823899221823,f,orange
29.72275801278046,31.91411010093188,f,orange
44.46150919520476,79.36972254452438,c,red
43.10866207939554,43.70764093794851,c,red
14.189903485248395,22.58352723737219,x,black
22.711219333399132,19.776503568611947,x,black
14.68834591316293,18.448234946765552,x,black
15.55303008664849,88.12866015801816,x,black
26.53734410004378,94.23643643483493,f,orange
26.465945740513995,53.05309998125352,f,orange
19.86403332706463,56.18593978384513,x,black
24.44279469718132,67.58794565184326,x,black
20.241809004700233,73.06666745271988,x,black
38.28580455315071,30.34375469535676,c,red
36.31616007825737,81.31847534486768,c,red
41.00634715942556,92.51917163070594,c,red
24.700445183957818,20.397797664527573,x,black
42.999328684255424,70.08402187522414,c,red
1.5510715114640294,59.55981728765515,x,black
3.903645096999773,24.14295045779735,x,black
43.97538183651963,79.67837322025733,c,red
13.043170556777612,22.55906396002817,x,black
5.679777804413691,38.04190407294802,x,black
5.7292133933919285,61.69450624538704,x,black
40.42746898147257,86.72086117744374,c,red
43.476967883536304,82.08886515015804,c,red
23.356808417536072,61.0568603222828,x,black
34.037782170876966,21.912038167831238,c,red
25.54430090722098,14.917416758062718,f,orange
8.376906919786537,27.461620280934717,x,black
0.6997440152361084,55.1618494377454,x,black
28.354589961825212,11.406623549733164,f,orange
7.309983973206321,36.57224890270514,x,black
29.083702700960337,84.16844967275819,f,orange
41.70703698123604,62.9892175147712,c,red
2.9129834603845017,26.07703125627947,x,black
28.8430156411412,87.8802375516147,f,orange
21.29581020452573,76.41452311084916,x,black
34.965579368499334,57.47131953399648,c,red
7.181430727067994,63.81319601462596,x,black
1.3638283415026664,84.1626322737396,x,black
2.3809482884053996,86.31816077837277,x,black
2.9986208251631243,28.812635282363775,x,black
22.600072886701327,1.4345022204466429,x,black
24.02292127380621,84.28617054374901,x,black
7.784531345196951,98.48885101391275,x,black
33.293779576587234,56.553581818358055,c,red
28.472854749454786,6.384691893200922,f,orange
26.874351505851383,16.115489755764422,f,orange
10.39780404499131,65.47579087618129,x,black
11.973576640914569,69.88428332133464,x,black
2.0827426265743556,35.821446901116516,x,black
39.51831897911618,83.56952311751165,c,red
29.160966735907067,67.99904944145874,f,orange
1.60822806754152,49.554533220664695,x,black
34.90031839629484,85.52981942543505,h,blue
35.77677494509388,32.83700474180783,c,red
40.45643300467171,5.309892958267948,c,red
40.57246994935507,40.313692032904356,c,red
35.44865761993351,14.07304670229923,c,red
38.44683924005771,51.66089632735955,c,red
27.975597690863662,40.67067291635692,f,orange
40.90397052936369,79.59897052238122,c,red
24.280514717468087,67.29632068919594,x,black
42.13964184319062,69.29085845694351,c,red
10.508532888503119,57.10712478284044,f,orange
26.585385008989423,87.749428679439,x,black
6.293444742300542,47.2600042353316,h,blue
44.61600926151287,0.5206232505133856,h,blue
20.453585590137468,61.29001884793943,h,blue
24.875440918545312,99.26485790215484,x,black
41.58460756418492,75.30807211264289,h,blue
17.15318417620616,90.14953016410344,f,orange
15.001146816897702,59.90504470706792,h,blue
22.056566711843995,98.89570082369836,f,orange
39.748998418600934,97.08050496572677,h,blue
25.788950594957797,34.32578521314789,c,red
4.181573717692526,63.2834574774262,x,black
5.314821727491277,93.61672441932183,f,orange
1.3532611413067197,40.90977927581812,x,black
34.0587373359851,38.73661930034672,f,orange
33.78895246867729,80.27596393720262,h,blue
25.351774895560716,91.22724470478623,f,orange
40.95172470364163,92.0896477921875,f,orange
27.706324442935184,60.38874502699392,f,orange
7.234931436608132,26.775415836244477,x,black
5.419356477643074,30.936112265019446,x,black
12.319622950957786,58.5930731779831,f,orange
11.859834610422297,33.75956079885898,c,red
12.068956470679048,17.938752803976033,h,blue
43.71806835923512,92.47260492751579,h,blue
7.708631444090128,22.16381995548811,f,orange
27.96908174581327,20.754817772600063,c,red
41.24143905984408,51.8051327229932,x,black
25.614471810461566,98.81981906794898,f,orange
23.031878939590747,39.88899055836019,c,red
0.46276590603493817,99.34452227940744,x,black
8.564430269805165,15.51373843889432,h,blue
28.741016547005003,22.08579610500848,h,blue
13.148875330594791,41.78535843091017,x,black
10.691385749169267,66.95497799833811,x,black
10.889241510465894,86.54644342838029,h,blue
29.48611627686845,4.148749098089244,h,blue
13.517202968725355,12.202735385866193,x,black
42.79609099703018,9.953834049999276,h,blue
7.643359250417291,95.88888336184806,c,red
35.74037390812418,75.9314592995115,x,black
44.38484715552543,67.45088728096233,f,orange
26.19045311224586,97.87740438692526,h,blue
8.180778479019125,54.491415822488975,c,red
31.38132592877492,84.5058590751654,x,black
37.69273120864457,88.7821517761505,h,blue
41.20185595070624,38.037836322441784,h,blue
23.072251137156417,5.108115290067749,f,orange
6.703952605312165,56.645515187527536,x,black
2.6162530962764583,65.6557296275294,h,blue
35.3950797830366,84.62069560991682,f,orange
39.20325084118934,19.015425387982987,f,orange
3.3594786398205163,3.1310553129468066,x,black
40.81120639275788,53.003789735568716,x,black
31.093965280274148,52.08765091729152,x,black
40.27885497267046,32.9774390988685,h,blue
17.788694385995758,96.77722720101403,x,black
5.424364658212638,50.55460739091716,c,red
18.29869796392022,24.001788093587827,h,blue
9.293838164194598,21.646888814545107,h,blue
35.99262966050505,64.93388083312047,h,blue
1.4240065941488282,46.69224028525676,f,orange
43.79376784442248,16.263415150187534,c,red
35.161082732191645,55.41774992442138,h,blue
37.389875026924486,66.20647999382673,x,black
10.136214198386924,62.88361306539451,h,blue
34.14986876604359,29.331914879523392,f,orange
23.468612345173693,59.692162817995694,c,red
8.619215311853871,44.46571292637391,x,black
29.708431525312935,4.330894820778974,x,black
42.79911800641935,53.79180263003672,x,black
22.083983372306104,85.31477043866923,x,black
43.28133983402408,55.53820567299831,f,orange
34.45767244374084,80.93600542960365,h,blue
15.233194672438904,96.239997979946,f,orange
8.926603658240527,36.01588902940291,x,black
26.467846257829112,6.492236138690943,x,black
36.10105599509456,36.91593887553664,f,orange
41.016246617216076,3.945139319485169,h,blue
43.50873439045881,48.450551985594025,c,red
28.56278377669743,71.59618462558308,f,orange
8.062651854947427,72.95846111263069,x,black
37.69575469758502,47.86954397666594,c,red
22.873103645221686,97.70233346314345,x,black
4.719483759749549,80.75492929107872,h,blue
8.053679377290608,25.79780707301518,c,red
26.017313237656808,77.43744948956801,x,black
20.13643409316296,82.40684261222421,c,red
41.77304392990713,50.41519578108431,c,red
32.79947615430233,79.72939084495324,c,red
7.194980944818101,30.95510301196859,x,black
9.610422172711292,30.092346945487304,x,black
12.319537552611173,48.596033621247656,f,orange
8.047963601637907,32.69466006437112,c,red
11.886499169677512,85.8390663365924,f,orange
10.06087402963018,56.49367941393682,h,blue
37.58787622720794,16.84891529156681,x,black
17.32804798560399,8.611942459865507,c,red
30.10512886021858,27.924402619931232,c,red
37.70374044137067,33.973159770286046,f,orange
28.36626760182919,31.480320355949164,h,blue
30.690618170808083,21.348043858061516,c,red
11.21264991929114,52.698651809499864,c,red
33.512729359198026,1.8253805020260083,h,blue
33.127187857672084,32.655516762034786,f,orange
18.580438553309403,46.0533523510541,c,red
43.40848876335484,49.33132001953167,x,black
22.709273482826465,35.28265746210859,c,red
37.40618226356503,34.83414454916242,c,red
40.320141099085134,36.120050827911584,c,red
18.589829752441933,72.12633421741653,f,orange
33.34018778144248,24.04743391915225,f,orange
22.975114079955056,25.432973270897207,c,red
34.742348283622164,51.04886797108963,f,orange
4.476839984522949,73.62068767024537,x,black
32.73004778405705,84.71136600284156,h,blue
4.276979241191035,36.68956300313172,f,orange
5.417523675059377,55.56202444568047,c,red
37.60952933149736,78.13469258476302,x,black
30.788681430408666,39.25562754187203,f,orange
6.0231557307016885,30.12218062804327,c,red
36.74675765649907,80.67414000138623,f,orange
13.27469548909483,65.85133385890768,f,orange
30.760148722561787,67.64307393124193,x,black
11.064424950455216,34.12779694804537,f,orange
25.715728456603202,54.19257672790986,x,black
37.36494312811017,66.2514845557377,x,black
22.03683141756787,8.832600761192566,x,black
17.027067151702422,78.53028794695837,x,black
9.116411695201913,46.699234795259535,f,orange
28.826230576773252,44.48450975061099,x,black
3.7815627840942616,29.544450091933893,x,black
15.590573199734452,0.2837237362599332,c,red
7.669742985643466,57.10565277050171,c,red
38.03909995839272,44.03167148479042,h,blue
28.921015063060285,63.557116716298836,x,black
39.39650944042858,56.046274616073624,x,black
0.7118723110026676,47.816996582659485,h,blue
32.14249979126826,38.77866799826154,c,red
44.4854432719162,46.91704575193347,f,orange
33.94848065793849,67.18679449656725,c,red
11.965601010624871,35.745198220852124,c,red
40.53131178587611,24.523405332702943,c,red
1.2527635252329823,55.689160924791835,c,red
41.849559188776524,10.439009215941219,c,red
14.18035010808958,22.636977495840426,f,orange
0.05088574353727837,47.30247337637851,x,black
42.36372942618824,90.48817469303371,c,red
15.359831753710756,20.02818959873235,h,blue
35.24857903426095,42.32165261567662,f,orange
42.33059847138295,4.970874946935089,x,black
10.804740610578426,87.42473463355198,h,blue
8.320052641077057,96.7448081723094,c,red
7.026322293457707,88.59252978831707,x,black
2.46647009985038,72.21057993760678,f,orange
30.984249404089567,18.69725027895395,x,black
31.420531247092566,17.565187022117502,h,blue
25.95474224987455,48.36497713156883,c,red
35.431990817848586,14.301881390088035,h,blue
36.178198911911274,24.150497936912853,c,red
34.01255561341562,79.43462104339257,x,black
37.81729552233969,51.64935318870671,c,red
20.55192897098666,63.47161863201719,f,orange
12.87300969242773,56.55270576285175,h,blue
28.44452733313319,39.585656063844034,c,red
3.3936284527712193,63.75445655426538,f,orange
36.144175541761655,19.699805275988304,h,blue
1.3842387988707217,63.23452116320757,x,black
22.89941946532196,50.12164766804638,f,orange
30.6989943906005,96.31561371658451,h,blue
43.717842002006215,51.102833177853746,f,orange
37.06332224322418,19.893250539224596,c,red
28.943347905513015,33.681390015724745,x,black
35.90468121160423,9.73453033237146,x,black
7.482845610735354,9.195751432201538,c,red
19.17873364963712,31.501261803153923,h,blue
42.60525261441473,81.26487894681448,x,black
9.928387984197936,10.309551209276579,f,orange
42.352243588502034,42.114408264112704,c,red
40.84156818284854,28.56368185776661,h,blue
36.27059395009946,31.552031153876815,x,black
23.4586451376768,60.03484663725139,x,black
41.378706532662946,55.55025517284674,c,red
5.5963508076140975,40.14103586644463,f,orange
5.956667719973158,0.8408365191675538,x,black
32.89099355466557,91.47264487081719,h,blue
24.74614650213401,46.55242744133117,h,blue
44.23483282085855,39.05267854243408,x,black
37.34981145775945,17.049448819667855,c,red
15.630403897090995,9.96033551076605,c,red
28.72796328956511,98.91825020620495,x,black
21.880589270990153,79.19310161674905,h,blue
6.618099538121006,3.0983114264594436,x,black
6.322199047857851,88.63539405749195,x,black
5.927753450302388,95.79503554944249,h,blue
36.328392793946804,78.9904062899677,c,red
9.419360298312005,28.662674685493684,h,blue
2.7291398646026472,79.53669960574494,x,black
28.914951801245202,36.790415920276644,h,blue
